"dep","nouvelle","insee_nouvelle","ancienne","insee_ancienne"
"01","Arboys-en-Bugey","01015","Arbignieu","01015"
"01","Arboys-en-Bugey","01015","Saint-Bois","01340"
"01","Champdor-Corcelles","01080","Champdor","01080"
"01","Champdor-Corcelles","01080","Corcelles","01119"
"01","Groslée-Saint-Benoît",,"Groslée","01182"
"01","Groslée-Saint-Benoît",,"Saint-Benoît","01338"
"01","Haut-Valromey","01187","Hotonnes","01187"
"01","Haut-Valromey","01187","Le Grand-Abergement","01176"
"01","Haut-Valromey","01187","Le Petit-Abergement","01292"
"01","Haut-Valromey","01187","Songieu","01409"
"01","Le Poizat-Lalleyriat","01204","Lalleyriat","01204"
"01","Le Poizat-Lalleyriat","01204","Le Poizat","01300"
"01","Parves-et-Nattages",,"Nattages","01271"
"01","Parves-et-Nattages",,"Parves","01286"
"01","Val-Revermont","01426","Pressiat","01312"
"01","Val-Revermont","01426","Treffort-Cuisiat","01426"
"02","Dhuys-et-Morin-en-Brie","02458","Artonges","02026"
"02","Dhuys-et-Morin-en-Brie","02458","Fontenelle-en-Brie","02325"
"02","Dhuys-et-Morin-en-Brie","02458","La Celle-sous-Montmirail","02147"
"02","Dhuys-et-Morin-en-Brie","02458","Marchais-en-Brie","02458"
"02","Les Septvallons","02439","Glennes","02348"
"02","Les Septvallons","02439","Longueval-Barbonval","02439"
"02","Les Septvallons","02439","Merval","02479"
"02","Les Septvallons","02439","Perles","02597"
"02","Les Septvallons","02439","Révillon","02646"
"02","Les Septvallons","02439","Vauxcéré","02771"
"02","Les Septvallons","02439","Villers-en-Prayères","02811"
"02","Vallées-en-Champagne","02053","Baulne-en-Brie","02053"
"02","Vallées-en-Champagne","02053","La Chapelle-Monthodon","02161"
"02","Vallées-en-Champagne","02053","Saint-Agnan","02669"
"03","Haut-Bocage","03158","Givarlais","03123"
"03","Haut-Bocage","03158","Louroux-Hodement","03153"
"03","Haut-Bocage","03158","Maillet","03158"
"04","Val-d'Oronaye",,"Larche","04100"
"04","Val-d'Oronaye",,"Meyronnes","04120"
"05","Garde-Colombe","05053","Eyguians","05053"
"05","Garde-Colombe","05053","Lagrand","05069"
"05","Garde-Colombe","05053","Saint-Genis","05143"
"05","Val-Buëch-Méouge","05118","Antonaves","05005"
"05","Val-Buëch-Méouge","05118","Châteauneuf-de-Chabre","05034"
"05","Val-Buëch-Méouge","05118","Ribiers","05118"
"08","Bairon-et-ses-Environs",,"Le Chesne","08116"
"08","Bairon-et-ses-Environs",,"Les Alleux","08007"
"08","Bairon-et-ses-Environs",,"Louvergny","08261"
"08","Chémery-Chéhéry",,"Chéhéry","08114"
"08","Chémery-Chéhéry",,"Chémery-sur-Bar","08115"
"08","Grandpré","08198","Grandpré","08198"
"08","Grandpré","08198","Termes","08441"
"08","Mouzon","08311","Amblimont","08009"
"08","Mouzon","08311","Mouzon","08311"
"10","Aix-Villemaur-Pâlis",,"Aix-en-Othe","10003"
"10","Aix-Villemaur-Pâlis",,"Palis","10277"
"10","Aix-Villemaur-Pâlis",,"Villemaur-sur-Vanne","10415"
"11","Quillan","11304","Brenac","11050"
"11","Quillan","11304","Quillan","11304"
"11","Val-de-Lambronne","11080","Caudeval","11080"
"11","Val-de-Lambronne","11080","Gueytes-et-Labastide","11171"
"12","Argences-en-Aubrac","12223","Alpuech","12005"
"12","Argences-en-Aubrac","12223","Graissac","12112"
"12","Argences-en-Aubrac","12223","Lacalm","12117"
"12","Argences-en-Aubrac","12223","La Terrisse","12279"
"12","Argences-en-Aubrac","12223","Sainte-Geneviève-sur-Argence","12223"
"12","Argences-en-Aubrac","12223","Vitrac-en-Viadène","12304"
"12","Conques-en-Rouergue ","12076","Conques","12076"
"12","Conques-en-Rouergue ","12076","Grand-Vabre","12114"
"12","Conques-en-Rouergue ","12076","Noailhac","12173"
"12","Conques-en-Rouergue ","12076","Saint-Cyprien-sur-Dourdou","12218"
"12","Laissac-Sévérac-l'Église ","12120","Laissac","12120"
"12","Laissac-Sévérac-l'Église ","12120","Sévérac-l'Église","12271"
"12","Le Bas-Ségala","12021","La Bastide-l'Évêque","12021"
"12","Le Bas-Ségala","12021","Saint-Salvadou","12245"
"12","Le Bas-Ségala","12021","Vabre-Tizac","12285"
"12","Palmas-d'Aveyron","12177","Coussergues","12081"
"12","Palmas-d'Aveyron","12177","Cruéjouls","12087"
"12","Palmas-d'Aveyron","12177","Palmas","12177"
"12","Saint-Geniez-d'Olt-et-d'Aubrac ","12224","Aurelle-Verlac","12014"
"12","Saint-Geniez-d'Olt-et-d'Aubrac ","12224","Saint-Geniez-d'Olt","12224"
"12","Sévérac-d'Aveyron ","12270","Buzeins","12040"
"12","Sévérac-d'Aveyron ","12270","Lapanouse","12123"
"12","Sévérac-d'Aveyron ","12270","Lavernhe","12126"
"12","Sévérac-d'Aveyron ","12270","Recoules-Prévinquières","12196"
"12","Sévérac-d'Aveyron ","12270","Sévérac-le-Château","12270"
"14","Balleroy-sur-Drôme",,"Balleroy","14035"
"14","Balleroy-sur-Drôme",,"Vaubadon","14727"
"14","Colomby-Anguerny","14014","Anguerny","14014"
"14","Colomby-Anguerny","14014","Colomby-sur-Thaon","14170"
"14","Condé-en-Normandie","14174","Condé-sur-Noireau","14174"
"14","Condé-en-Normandie","14174","La Chapelle-Engerbold","14152"
"14","Condé-en-Normandie","14174","Lénault","14361"
"14","Condé-en-Normandie","14174","Proussy","14523"
"14","Condé-en-Normandie","14174","Saint-Germain-du-Crioult","14585"
"14","Condé-en-Normandie","14174","Saint-Pierre-la-Vieille","14653"
"14","La Vespière-Friardel","14292","Friardel","14292"
"14","La Vespière-Friardel","14292","La Vespière","14740"
"14","Le Hom","14689","Caumont-sur-Orne","14144"
"14","Le Hom","14689","Curcy-sur-Orne","14213"
"14","Le Hom","14689","Hamars","14324"
"14","Le Hom","14689","Saint-Martin-de-Sallen","14628"
"14","Le Hom","14689","Thury-Harcourt","14689"
"14","Livarot-Pays-d'Auge",,"Auquainville","14028"
"14","Livarot-Pays-d'Auge",,"Bellou","14058"
"14","Livarot-Pays-d'Auge",,"Cerqueux","14148"
"14","Livarot-Pays-d'Auge",,"Cheffreville-Tonnencourt","14155"
"14","Livarot-Pays-d'Auge",,"Familly","14259"
"14","Livarot-Pays-d'Auge",,"Fervaques","14265"
"14","Livarot-Pays-d'Auge",,"Heurtevent","14330"
"14","Livarot-Pays-d'Auge",,"La Croupte","14210"
"14","Livarot-Pays-d'Auge",,"Le Mesnil-Bacley","14414"
"14","Livarot-Pays-d'Auge",,"Le Mesnil-Durand","14418"
"14","Livarot-Pays-d'Auge",,"Le Mesnil-Germain","14420"
"14","Livarot-Pays-d'Auge",,"Les Autels-Saint-Bazile","14029"
"14","Livarot-Pays-d'Auge",,"Les Moutiers-Hubert","14459"
"14","Livarot-Pays-d'Auge",,"Livarot","14371"
"14","Livarot-Pays-d'Auge",,"Meulles","14429"
"14","Livarot-Pays-d'Auge",,"Notre-Dame-de-Courson","14471"
"14","Livarot-Pays-d'Auge",,"Préaux-Saint-Sébastien","14518"
"14","Livarot-Pays-d'Auge",,"Sainte-Marguerite-des-Loges","14615"
"14","Livarot-Pays-d'Auge",,"Saint-Martin-du-Mesnil-Oury","14633"
"14","Livarot-Pays-d'Auge",,"Saint-Michel-de-Livet","14634"
"14","Livarot-Pays-d'Auge",,"Saint-Ouen-le-Houx","14638"
"14","Livarot-Pays-d'Auge",,"Tortisambert","14696"
"14","Malherbe-sur-Ajon","14037","Banneville-sur-Ajon","14037"
"14","Malherbe-sur-Ajon","14037","Saint-Agnan-le-Malherbe","14553"
"14","Noyers-Missy","14475","Missy","14432"
"14","Noyers-Missy","14475","Noyers-Bocage","14475"
"14","Rots","14543","Lasson","14356"
"14","Rots","14543","Rots","14543"
"14","Rots","14543","Secqueville-en-Bessin","14670"
"14","Seulline","14579","Coulvain","14188"
"14","Seulline","14579","Saint-Georges-d'Aunay","14579"
"14","Souleuvre-en-Bocage","14061","Beaulieu","14052"
"14","Souleuvre-en-Bocage","14061","Bures-les-Monts","14115"
"14","Souleuvre-en-Bocage","14061","Campeaux","14129"
"14","Souleuvre-en-Bocage","14061","Carville","14139"
"14","Souleuvre-en-Bocage","14061","Étouvy","14255"
"14","Souleuvre-en-Bocage","14061","La Ferrière-Harang","14264"
"14","Souleuvre-en-Bocage","14061","La Graverie","14317"
"14","Souleuvre-en-Bocage","14061","Le Bény-Bocage","14061"
"14","Souleuvre-en-Bocage","14061","Le Reculey","14532"
"14","Souleuvre-en-Bocage","14061","Le Tourneur","14704"
"14","Souleuvre-en-Bocage","14061","Malloué","14395"
"14","Souleuvre-en-Bocage","14061","Montamy","14440"
"14","Souleuvre-en-Bocage","14061","Mont-Bertrand","14441"
"14","Souleuvre-en-Bocage","14061","Montchauvet","14443"
"14","Souleuvre-en-Bocage","14061","Saint-Denis-Maisoncelles","14573"
"14","Souleuvre-en-Bocage","14061","Sainte-Marie-Laumont","14618"
"14","Souleuvre-en-Bocage","14061","Saint-Martin-des-Besaces","14629"
"14","Souleuvre-en-Bocage","14061","Saint-Martin-Don","14632"
"14","Souleuvre-en-Bocage","14061","Saint-Ouen-des-Besaces","14636"
"14","Souleuvre-en-Bocage","14061","Saint-Pierre-Tarentaine","14655"
"14","Valdallière",,"Bernières-le-Patry","14065"
"14","Valdallière",,"Burcy","14113"
"14","Valdallière",,"Chênedollé","14156"
"14","Valdallière",,"Estry","14253"
"14","Valdallière",,"La Rocque","14539"
"14","Valdallière",,"Le Désert","14222"
"14","Valdallière",,"Le Theil-Bocage","14686"
"14","Valdallière",,"Montchamp","14442"
"14","Valdallière",,"Pierres","14503"
"14","Valdallière",,"Presles","14521"
"14","Valdallière",,"Rully","14549"
"14","Valdallière",,"Saint-Charles-de-Percy","14564"
"14","Valdallière",,"Vassy","14726"
"14","Valdallière",,"Viessoix","14746"
"14","Val-de-Vie","14576","La Brévière","14105"
"14","Val-de-Vie","14576","La Chapelle-Haute-Grue","14153"
"14","Val-de-Vie","14576","Sainte-Foy-de-Montgommery","14576"
"14","Val-de-Vie","14576","Saint-Germain-de-Montgommery","14583"
"14","Valorbiquet","14570","La Chapelle-Yvon","14154"
"14","Valorbiquet","14570","Saint-Cyr-du-Ronceray","14570"
"14","Valorbiquet","14570","Saint-Julien-de-Mailloc","14599"
"14","Valorbiquet","14570","Saint-Pierre-de-Mailloc","14647"
"14","Valorbiquet","14570","Tordouet","14693"
"14","Vire-Normandie",,"Coulonces","14187"
"14","Vire-Normandie",,"Maisoncelles-la-Jourdan","14388"
"14","Vire-Normandie",,"Roullours","14545"
"14","Vire-Normandie",,"Saint-Germain-de-Tallevende-la-Lande-Vaumont","14584"
"14","Vire-Normandie",,"Truttemer-le-Grand","14717"
"14","Vire-Normandie",,"Truttemer-le-Petit","14718"
"14","Vire-Normandie",,"Vaudry","14730"
"14","Vire-Normandie",,"Vire","14762"
"15","Le Rouget-Pers","15268","Le Rouget","15268"
"15","Le Rouget-Pers","15268","Pers","15150"
"15","Saint-Constant-Fournoulès","15181","Fournoulès","15071"
"15","Saint-Constant-Fournoulès","15181","Saint-Constant","15181"
"15","Val-d'Arcomie","15108","Faverolles","15068"
"15","Val-d'Arcomie","15108","Loubaresse","15108"
"15","Val-d'Arcomie","15108","Saint-Just","15195"
"15","Val-d'Arcomie","15108","Saint-Marc","15197"
"16","Boisné-la-Tude","16082","Charmant","16082"
"16","Boisné-la-Tude","16082","Chavenat","16092"
"16","Boisné-la-Tude","16082","Juillaguet","16172"
"16","Confolens","16106","Confolens","16106"
"16","Confolens","16106","Saint-Germain-de-Confolens","16322"
"16","Genac-Bignac",,"Bignac","16043"
"16","Genac-Bignac",,"Genac","16148"
"16","Montmérac",,"Lamérac","16179"
"16","Montmérac",,"Montchaude","16224"
"16","Rouillac","16286","Plaizac","16262"
"16","Rouillac","16286","Rouillac","16286"
"16","Rouillac","16286","Sonneville","16371"
"16","Val-des-Vignes","16175","Aubeville","16021"
"16","Val-des-Vignes","16175","Jurignac","16175"
"16","Val-des-Vignes","16175","Mainfonds","16201"
"16","Val-des-Vignes","16175","Péreuil","16257"
"17","Essouvert","17277","La Benâte","17040"
"17","Essouvert","17277","Saint-Denis-du-Pin","17277"
"17","Réaux-sur-Trèfle","17295","Moings","17238"
"17","Réaux-sur-Trèfle","17295","Réaux","17295"
"17","Réaux-sur-Trèfle","17295","Saint-Maurice-de-Tavernole","17371"
"19","Malemort","19123","Malemort-sur-Corrèze","19123"
"19","Malemort","19123","Venarsal","19282"
"21","Val-Mont",,"Ivry-en-Montagne","21318"
"21","Val-Mont",,"Jours-en-Vaux","21327"
"22","Jugon-les-Lacs","22084","Dolo","22051"
"22","Jugon-les-Lacs","22084","Jugon-les-Lacs","22084"
"22","Lamballe","22093","Lamballe","22093"
"22","Lamballe","22093","Meslin","22151"
"22","Le Mené","22046","Collinée","22046"
"22","Le Mené","22046","Langourla","22102"
"22","Le Mené","22046","Le Gouray","22066"
"22","Le Mené","22046","Plessala","22191"
"22","Le Mené","22046","Saint-Gilles-du-Mené","22292"
"22","Le Mené","22046","Saint-Gouéno","22297"
"22","Le Mené","22046","Saint-Jacut-du-Mené","22303"
"22","Les Moulins","22183","La Ferrière","22058"
"22","Les Moulins","22183","Plémet","22183"
"22","Plœuc-L'Hermitage","22203","L'Hermitage-Lorge","22080"
"22","Plœuc-L'Hermitage","22203","Plœuc-sur-Lié","22203"
"22","Pordic","22251","Pordic","22251"
"22","Pordic","22251","Tréméloir","22367"
"23","Parsac-Rimondeix","23149","Parsac","23149"
"23","Parsac-Rimondeix","23149","Rimondeix","23161"
"24","Beaumontois-en-Périgord",,"Beaumont-du-Périgord","24028"
"24","Beaumontois-en-Périgord",,"Labouquerie","24219"
"24","Beaumontois-en-Périgord",,"Nojals-et-Clotte","24310"
"24","Beaumontois-en-Périgord",,"Sainte-Sabine-Born","24497"
"24","Boulazac-Isle-Manoire",,"Atur","24013"
"24","Boulazac-Isle-Manoire",,"Boulazac","24053"
"24","Boulazac-Isle-Manoire",,"Saint-Laurent-sur-Manoire","24439"
"24","Brantôme-en-Périgord",,"Brantôme","24064"
"24","Brantôme-en-Périgord",,"Saint-Julien-de-Bourdeilles","24430"
"24","Coux-et-Bigaroque-Mouzens",,"Coux-et-Bigaroque","24142"
"24","Coux-et-Bigaroque-Mouzens",,"Mouzens","24298"
"24","Parcoul-Chenaud",,"Chenaud","24118"
"24","Parcoul-Chenaud",,"Parcoul","24316"
"24","Pays-de-Belvès",,"Belvès","24035"
"24","Pays-de-Belvès",,"Saint-Amand-de-Belvès","24363"
"24","Saint-Aulaye-Puymangou",,"Puymangou","24343"
"24","Saint-Aulaye-Puymangou",,"Saint-Aulaye","24376"
"24","Sainte-Alvère-Saint-Laurent-les-Bâtons",,"Sainte-Alvère","24362"
"24","Sainte-Alvère-Saint-Laurent-les-Bâtons",,"Saint-Laurent-des-Bâtons","24435"
"24","Sorges-et-Ligueux-en-Périgord","24540","Ligueux","24239"
"24","Sorges-et-Ligueux-en-Périgord","24540","Sorges","24540"
"25","Les Premiers-Sapins","25424","Athose","25028"
"25","Les Premiers-Sapins","25424","Chasnans","25128"
"25","Les Premiers-Sapins","25424","Hautepierre-le-Châtelet","25302"
"25","Les Premiers-Sapins","25424","Nods","25424"
"25","Les Premiers-Sapins","25424","Rantechaux","25480"
"25","Les Premiers-Sapins","25424","Vanclans","25585"
"25","Ornans","25434","Bonnevaux-le-Prieuré","25076"
"25","Ornans","25434","Ornans","25434"
"25","Osselle-Routelle","25438","Osselle","25438"
"25","Osselle-Routelle","25438","Routelle","25509"
"25","Sancey","25529","Sancey-le-Grand","25529"
"25","Sancey","25529","Sancey-le-Long","25530"
"26","Mercurol-Veaunes","26179","Mercurol","26179"
"26","Mercurol-Veaunes","26179","Veaunes","26366"
"26","Solaure-en-Diois","26001","Aix-en-Diois","26001"
"26","Solaure-en-Diois","26001","Molières-Glandaz","26187"
"27","Amfreville-Saint-Amand","27011","Amfreville-la-Campagne","27011"
"27","Amfreville-Saint-Amand","27011","Saint-Amand-des-Hautes-Terres","27506"
"27","Bourneville-Sainte-Croix","27107","Bourneville","27107"
"27","Bourneville-Sainte-Croix","27107","Sainte-Croix-sur-Aizier","27526"
"27","Breteuil","27112","Breteuil","27112"
"27","Breteuil","27112","Cintray","27159"
"27","Breteuil","27112","La Guéroulde","27305"
"27","Chambois","27032","Avrilly","27032"
"27","Chambois","27032","Corneuil","27172"
"27","Chambois","27032","Thomer-la-Sôgne","27634"
"27","Clef-Vallée-d'Eure","27191","Écardenville-sur-Eure","27211"
"27","Clef-Vallée-d'Eure","27191","Fontaine-Heudebourg","27250"
"27","Clef-Vallée-d'Eure","27191","La Croix-Saint-Leufroy","27191"
"27","Flancourt-Crescy-en-Roumois","27085","Bosc-Bénard-Crescy","27085"
"27","Flancourt-Crescy-en-Roumois","27085","Épreville-en-Roumois","27223"
"27","Flancourt-Crescy-en-Roumois","27085","Flancourt-Catelon","27244"
"27","Grand-Bourgtheroulde","27105","Bosc-Bénard-Commin","27084"
"27","Grand-Bourgtheroulde","27105","Bourgtheroulde-Infreville","27105"
"27","Grand-Bourgtheroulde","27105","Thuit-Hébert","27637"
"27","La Baronnie","27277","Garencières","27277"
"27","La Baronnie","27277","Quessigny","27484"
"27","Le Bosc-du-Theil","27302","Le Gros-Theil","27302"
"27","Le Bosc-du-Theil","27302","Saint-Nicolas-du-Bosc","27574"
"27","Le Lesme","27565","Guernanville","27303"
"27","Le Lesme","27565","Sainte-Marguerite-de-l'Autel","27565"
"27","Le Thuit-de-l'Oison","27638","Le Thuit-Anger","27636"
"27","Le Thuit-de-l'Oison","27638","Le Thuit-Signol","27638"
"27","Le Thuit-de-l'Oison","27638","Le Thuit-Simer","27639"
"27","Le Val-d'Hazey","27022","Aubevoye","27022"
"27","Le Val-d'Hazey","27022","Sainte-Barbe-sur-Gaillon","27519"
"27","Le Val-d'Hazey","27022","Vieux-Villez","27687"
"27","Marbois","27157","Chanteloup","27145"
"27","Marbois","27157","Le Chesne","27157"
"27","Marbois","27157","Les Essarts","27225"
"27","Marbois","27157","Saint-Denis-du-Béhélan","27532"
"27","Mesnil-en-Ouche","27049","Ajou","27007"
"27","Mesnil-en-Ouche","27049","Beaumesnil","27049"
"27","Mesnil-en-Ouche","27049","Bosc-Renoult-en-Ouche","27088"
"27","Mesnil-en-Ouche","27049","Épinay","27221"
"27","Mesnil-en-Ouche","27049","Gisay-la-Coudre","27283"
"27","Mesnil-en-Ouche","27049","Gouttières","27292"
"27","Mesnil-en-Ouche","27049","Granchain","27296"
"27","Mesnil-en-Ouche","27049","Jonquerets-de-Livet","27356"
"27","Mesnil-en-Ouche","27049","La Barre-en-Ouche","27041"
"27","Mesnil-en-Ouche","27049","Landepéreuse","27362"
"27","Mesnil-en-Ouche","27049","La Roussière","27499"
"27","Mesnil-en-Ouche","27049","Saint-Aubin-des-Hayes","27513"
"27","Mesnil-en-Ouche","27049","Saint-Aubin-le-Guichard","27515"
"27","Mesnil-en-Ouche","27049","Sainte-Marguerite-en-Ouche","27566"
"27","Mesnil-en-Ouche","27049","Saint-Pierre-du-Mesnil","27596"
"27","Mesnil-en-Ouche","27049","Thevray","27628"
"27","Mesnils-sur-Iton","27198","Condé-sur-Iton","27166"
"27","Mesnils-sur-Iton","27198","Damville","27198"
"27","Mesnils-sur-Iton","27198","Gouville","27293"
"27","Mesnils-sur-Iton","27198","Le Roncenay-Authenay","27024"
"27","Mesnils-sur-Iton","27198","Le Sacq","27503"
"27","Mesnils-sur-Iton","27198","Manthelon","27387"
"27","Sainte-Marie-d'Attez","27578","Dame-Marie","27195"
"27","Sainte-Marie-d'Attez","27578","Saint-Nicolas-d'Attez","27573"
"27","Sainte-Marie-d'Attez","27578","Saint-Ouen-d'Attez","27578"
"27","Sylvains-les-Moulins","27693","Sylvains-les-Moulins","27693"
"27","Sylvains-les-Moulins","27693","Villalet","27688"
"27","Vexin-sur-Epte","27213","Berthenonville","27060"
"27","Vexin-sur-Epte","27213","Bus-Saint-Rémy","27121"
"27","Vexin-sur-Epte","27213","Cahaignes","27122"
"27","Vexin-sur-Epte","27213","Cantiers","27128"
"27","Vexin-sur-Epte","27213","Civières","27160"
"27","Vexin-sur-Epte","27213","Dampsmesnil","27197"
"27","Vexin-sur-Epte","27213","Écos","27213"
"27","Vexin-sur-Epte","27213","Fontenay-en-Vexin","27255"
"27","Vexin-sur-Epte","27213","Forêt-la-Folie","27257"
"27","Vexin-sur-Epte","27213","Fourges","27262"
"27","Vexin-sur-Epte","27213","Fours-en-Vexin","27264"
"27","Vexin-sur-Epte","27213","Guitry","27308"
"27","Vexin-sur-Epte","27213","Panilleuse","27449"
"27","Vexin-sur-Epte","27213","Tourny","27653"
"28","Auneau-Bleury-Saint-Symphorien","28015","Auneau","28015"
"28","Auneau-Bleury-Saint-Symphorien","28015","Bleury-Saint-Symphorien","28361"
"28","Éole-en-Beauce",,"Baignolet","28020"
"28","Éole-en-Beauce",,"Fains-la-Folie","28145"
"28","Éole-en-Beauce",,"Germignonville","28179"
"28","Éole-en-Beauce",,"Viabon","28406"
"28","Gommerville","28183","Gommerville","28183"
"28","Gommerville","28183","Orlu","28288"
"28","Les Villages-Vovéens","28422","Montainville","28258"
"28","Les Villages-Vovéens","28422","Rouvray-Saint-Florentin","28320"
"28","Les Villages-Vovéens","28422","Villeneuve-Saint-Nicolas","28416"
"28","Les Villages-Vovéens","28422","Voves","28422"
"28","Mittainvilliers-Vérigny",,"Mittainvilliers","28254"
"28","Mittainvilliers-Vérigny",,"Vérigny","28402"
"28","Theuville","28383","Pézy","28297"
"28","Theuville","28383","Theuville","28383"
"29","Audierne","29003","Audierne","29003"
"29","Audierne","29003","Esquibien","29052"
"29","Saint-Thégonnec-Loc-Éguiner",,"Loc-Eguiner-Saint-Thégonnec","29127"
"29","Saint-Thégonnec-Loc-Éguiner",,"Saint-Thégonnec","29266"
"32","Castelnau-d'Auzan-Labarrère",,"Castelnau-d'Auzan","32079"
"32","Castelnau-d'Auzan-Labarrère",,"Labarrère","32168"
"33","Val-de-Virvée",,"Aubie-et-Espessas","33018"
"33","Val-de-Virvée",,"Saint-Antoine","33371"
"33","Val-de-Virvée",,"Salignac","33495"
"35","Guipry-Messac","35176","Guipry","35129"
"35","Guipry-Messac","35176","Messac","35176"
"35","La Chapelle-du-Lou-du-Lac",,"La Chapelle-du-Lou","35060"
"35","La Chapelle-du-Lou-du-Lac",,"Le Lou-du-Lac","35158"
"36","Levroux","36093","Levroux","36093"
"36","Levroux","36093","Saint-Martin-de-Lamps","36201"
"36","Saint-Maur","36202","Saint-Maur","36202"
"36","Saint-Maur","36202","Villers-les-Ormes","36245"
"36","Val-Fouzon","36229","Parpeçay","36151"
"36","Val-Fouzon","36229","Sainte-Cécile","36183"
"36","Val-Fouzon","36229","Varennes-sur-Fouzon","36229"
"38","Autrans-Méaudre-en-Vercors","38225","Autrans","38021"
"38","Autrans-Méaudre-en-Vercors","38225","Méaudre","38225"
"38","Crêts-en-Belledonne","38439","Morêtel-de-Mailles","38262"
"38","Crêts-en-Belledonne","38439","Saint-Pierre-d'Allevard","38439"
"38","Les Abrets-en-Dauphiné",,"Fitilieu","38165"
"38","Les Abrets-en-Dauphiné",,"La Bâtie-Divisin","38028"
"38","Les Abrets-en-Dauphiné",,"Les Abrets","38001"
"38","Les Avenières-Veyrins-Thuellin","38022","Les Avenières","38022"
"38","Les Avenières-Veyrins-Thuellin","38022","Veyrins-Thuellin","38541"
"38","Saint-Antoine-l'Abbaye","38359","Dionay","38145"
"38","Saint-Antoine-l'Abbaye","38359","Saint-Antoine-l'Abbaye","38359"
"39","Arlay","39017","Arlay","39017"
"39","Arlay","39017","Saint-Germain-lès-Arlay","39482"
"39","Hauteroche","39177","Crançot","39177"
"39","Hauteroche","39177","Granges-sur-Baume","39260"
"39","Hauteroche","39177","Mirebel","39332"
"39","Hauts-de-Bienne",,"La Mouille","39371"
"39","Hauts-de-Bienne",,"Lézat","39294"
"39","Hauts-de-Bienne",,"Morez","39368"
"39","La Chailleuse","39021","Arthenas","39021"
"39","La Chailleuse","39021","Essia","39215"
"39","La Chailleuse","39021","Saint-Laurent-la-Roche","39488"
"39","La Chailleuse","39021","Varessia","39544"
"39","Lavans-lès-Saint-Claude","39286","Lavans-lès-Saint-Claude","39286"
"39","Lavans-lès-Saint-Claude","39286","Ponthoux","39438"
"39","Mièges","39329","Esserval-Combe","39213"
"39","Mièges","39329","Mièges","39329"
"39","Mièges","39329","Molpré","39340"
"39","Mignovillard","39331","Communailles-en-Montagne","39161"
"39","Mignovillard","39331","Mignovillard","39331"
"39","Nanchez",,"Chaux-des-Prés","39130"
"39","Nanchez",,"Prénovel","39442"
"39","Val-d'Épy","39209","Florentia","39226"
"39","Val-d'Épy","39209","Nantey","39382"
"39","Val-d'Épy","39209","Senaud","39509"
"39","Val-d'Épy","39209","Val-d'Épy","39209"
"41","Beauce-la-Romaine","41173","La Colombe","41056"
"41","Beauce-la-Romaine","41173","Membrolles","41133"
"41","Beauce-la-Romaine","41173","Ouzouer-le-Marché","41173"
"41","Beauce-la-Romaine","41173","Prénouvellon","41183"
"41","Beauce-la-Romaine","41173","Semerville","41244"
"41","Beauce-la-Romaine","41173","Tripleville","41264"
"41","Beauce-la-Romaine","41173","Verdes","41270"
"41","Montrichard-Val-de-Cher","41151","Bourré","41023"
"41","Montrichard-Val-de-Cher","41151","Montrichard","41151"
"41","Valencisse",,"Molineuf","41142"
"41","Valencisse",,"Orchaise","41169"
"42","Chalmazel-Jeansagnière","42039","Chalmazel","42039"
"42","Chalmazel-Jeansagnière","42039","Jeansagnière","42114"
"43","Esplantas-Vazeilles",,"Esplantas","43090"
"43","Esplantas-Vazeilles",,"Vazeilles-près-Saugues","43255"
"43","Thoras",,"Croisances","43081"
"43","Thoras",,"Thoras","43245"
"44","Chaumes-en-Retz","44005","Arthon-en-Retz","44005"
"44","Chaumes-en-Retz","44005","Chéméré","44040"
"44","Divatte-sur-Loire","44029","Barbechat","44008"
"44","Divatte-sur-Loire","44029","La Chapelle-Basse-Mer","44029"
"44","Loireauxence","44213","Belligné","44011"
"44","Loireauxence","44213","La Chapelle-Saint-Sauveur","44034"
"44","Loireauxence","44213","La Rouxière","44147"
"44","Loireauxence","44213","Varades","44213"
"44","Machecoul-Saint-Même","44087","Machecoul","44087"
"44","Machecoul-Saint-Même","44087","Saint-Même-le-Tenu","44181"
"44","Vair-sur-Loire","44163","Anetz","44004"
"44","Vair-sur-Loire","44163","Saint-Herblon","44163"
"44","Villeneuve-en-Retz","44021","Bourgneuf-en-Retz","44021"
"44","Villeneuve-en-Retz","44021","Fresnay-en-Retz","44059"
"45","Douchy-Montcorbon","45129","Douchy","45129"
"45","Douchy-Montcorbon","45129","Montcorbon","45211"
"45","Le Malesherbois",,"Coudray","45106"
"45","Le Malesherbois",,"Labrosse","45057"
"45","Le Malesherbois",,"Mainvilliers","45190"
"45","Le Malesherbois",,"Malesherbes","45191"
"45","Le Malesherbois",,"Manchecourt","45192"
"45","Le Malesherbois",,"Nangeville","45221"
"45","Le Malesherbois",,"Orveau-Bellesauve","45236"
"46","Cœur-de-Causse","46138","Beaumat","46019"
"46","Cœur-de-Causse","46138","Fontanes-du-Causse","46110"
"46","Cœur-de-Causse","46138","Labastide-Murat","46138"
"46","Cœur-de-Causse","46138","Saint-Sauveur-la-Vallée","46291"
"46","Cœur-de-Causse","46138","Vaillac","46325"
"46","Montcuq-en-Quercy-Blanc","46201","Belmontet","46025"
"46","Montcuq-en-Quercy-Blanc","46201","Lebreil","46166"
"46","Montcuq-en-Quercy-Blanc","46201","Montcuq","46201"
"46","Montcuq-en-Quercy-Blanc","46201","Sainte-Croix","46261"
"46","Montcuq-en-Quercy-Blanc","46201","Valprionde","46326"
"46","Sousceyrac-en-Quercy","46311","Calviac","46048"
"46","Sousceyrac-en-Quercy","46311","Comiac","46071"
"46","Sousceyrac-en-Quercy","46311","Lacam-d'Ourcet","46141"
"46","Sousceyrac-en-Quercy","46311","Lamativie","46150"
"46","Sousceyrac-en-Quercy","46311","Sousceyrac","46311"
"48","Banassac-Canilhac","48017","Banassac","48017"
"48","Banassac-Canilhac","48017","Canilhac","48033"
"48","Bédouès-Cocurès",,"Bédouès","48022"
"48","Bédouès-Cocurès",,"Cocurès","48050"
"48","Bourgs-sur-Colagne",,"Chirac","48049"
"48","Bourgs-sur-Colagne",,"Le Monastier-Pin-Moriès","48099"
"48","Cans-et-Cévennes",,"Saint-Julien-d'Arpaon","48162"
"48","Cans-et-Cévennes",,"Saint-Laurent-de-Trèves","48166"
"48","Florac-Trois-Rivières",,"Florac","48061"
"48","Florac-Trois-Rivières",,"La Salle-Prunet","48186"
"48","Naussac-Fontanes","48105","Fontanes","48062"
"48","Naussac-Fontanes","48105","Naussac","48105"
"48","Pont-de-Montvert-Sud-Mont-Lozère",,"Fraissinet-de-Lozère","48066"
"48","Pont-de-Montvert-Sud-Mont-Lozère",,"Le Pont-de-Montvert","48116"
"48","Pont-de-Montvert-Sud-Mont-Lozère",,"Saint-Maurice-de-Ventalon","48172"
"48","Ventalon-en-Cévennes",,"Saint-Andéol-de-Clerguemort","48134"
"48","Ventalon-en-Cévennes",,"Saint-Frézal-de-Ventalon","48152"
"49","Baugé-en-Anjou","49018","Baugé-en-Anjou","49018"
"49","Baugé-en-Anjou","49018","Bocé","49031"
"49","Baugé-en-Anjou","49018","Chartrené","49079"
"49","Baugé-en-Anjou","49018","Cheviré-le-Rouge","49097"
"49","Baugé-en-Anjou","49018","Clefs-Val-d'Anjou","49101"
"49","Baugé-en-Anjou","49018","Cuon","49116"
"49","Baugé-en-Anjou","49018","Échemiré","49128"
"49","Baugé-en-Anjou","49018","Fougeré","49143"
"49","Baugé-en-Anjou","49018","Le Guédeniau","49157"
"49","Baugé-en-Anjou","49018","Saint-Quentin-lès-Beaurepaire","49315"
"49","Beaufort-en-Anjou","49021","Beaufort-en-Vallée","49021"
"49","Beaufort-en-Anjou","49021","Gée","49147"
"49","Beaupréau-en-Mauges",,"Andrezé","49006"
"49","Beaupréau-en-Mauges",,"Beaupréau","49023"
"49","Beaupréau-en-Mauges",,"Gesté","49151"
"49","Beaupréau-en-Mauges",,"Jallais","49162"
"49","Beaupréau-en-Mauges",,"La Chapelle-du-Genêt","49072"
"49","Beaupréau-en-Mauges",,"La Jubaudière","49165"
"49","Beaupréau-en-Mauges",,"La Poitevinière","49243"
"49","Beaupréau-en-Mauges",,"Le Pin-en-Mauges","49239"
"49","Beaupréau-en-Mauges",,"Saint-Philbert-en-Mauges","49312"
"49","Beaupréau-en-Mauges",,"Villedieu-la-Blouère","49375"
"49","Bellevigne-en-Layon","49345","Champ-sur-Layon","49066"
"49","Bellevigne-en-Layon","49345","Faveraye-Mâchelles","49133"
"49","Bellevigne-en-Layon","49345","Faye-d'Anjou","49134"
"49","Bellevigne-en-Layon","49345","Rablay-sur-Layon","49256"
"49","Bellevigne-en-Layon","49345","Thouarcé","49345"
"49","Blaison-Saint-Sulpice","49029","Blaison-Gohier","49029"
"49","Blaison-Saint-Sulpice","49029","Saint-Sulpice","49322"
"49","Chemillé-en-Anjou",,"Chanzeaux","49071"
"49","Chemillé-en-Anjou",,"Chemillé-Melay","49092"
"49","Chemillé-en-Anjou",,"Cossé-d'Anjou","49111"
"49","Chemillé-en-Anjou",,"La Chapelle-Rousselin","49074"
"49","Chemillé-en-Anjou",,"La Jumellière","49169"
"49","Chemillé-en-Anjou",,"La Salle-de-Vihiers","49325"
"49","Chemillé-en-Anjou",,"La Tourlandry","49351"
"49","Chemillé-en-Anjou",,"Neuvy-en-Mauges","49225"
"49","Chemillé-en-Anjou",,"Sainte-Christine","49268"
"49","Chemillé-en-Anjou",,"Saint-Georges-des-Gardes","49281"
"49","Chemillé-en-Anjou",,"Saint-Lézin","49300"
"49","Chemillé-en-Anjou",,"Valanjou","49153"
"49","Chénillé-Champteussé","49067","Champteussé-sur-Baconne","49067"
"49","Chénillé-Champteussé","49067","Chenillé-Changé","49095"
"49","Erdre-en-Anjou",,"Brain-sur-Longuenée","49043"
"49","Erdre-en-Anjou",,"Gené","49148"
"49","Erdre-en-Anjou",,"La Pouëze","49249"
"49","Erdre-en-Anjou",,"Vern-d'Anjou","49367"
"49","Gennes-Val-de-Loire","49149","Chênehutte-Trèves-Cunault","49094"
"49","Gennes-Val-de-Loire","49149","Gennes","49149"
"49","Gennes-Val-de-Loire","49149","Grézillé","49154"
"49","Gennes-Val-de-Loire","49149","Le Thoureil","49346"
"49","Gennes-Val-de-Loire","49149","Saint-Georges-des-Sept-Voies","49279"
"49","Ingrandes-Le-Fresne-sur-Loire","49160","Ingrandes","49160"
"49","Ingrandes-Le-Fresne-sur-Loire","49160","Le Fresne-sur-Loire",44060
"49","Jarzé-Villages","49163","Beauvau","49025"
"49","Jarzé-Villages","49163","Chaumont-d'Anjou","49084"
"49","Jarzé-Villages","49163","Jarzé","49163"
"49","Jarzé-Villages","49163","Lué-en-Baugeois","49185"
"49","Le Lion-d'Angers","49176","Andigné","49005"
"49","Le Lion-d'Angers","49176","Le Lion-d'Angers","49176"
"49","Les Bois-d'Anjou","49138","Brion","49049"
"49","Les Bois-d'Anjou","49138","Fontaine-Guérin","49138"
"49","Les Bois-d'Anjou","49138","Saint-Georges-du-Bois","49280"
"49","Loire-Authion","49307","Andard","49004"
"49","Loire-Authion","49307","Bauné","49019"
"49","Loire-Authion","49307","Brain-sur-l'Authion","49042"
"49","Loire-Authion","49307","Corné","49106"
"49","Loire-Authion","49307","La Bohalle","49032"
"49","Loire-Authion","49307","La Daguenière","49117"
"49","Loire-Authion","49307","Saint-Mathurin-sur-Loire","49307"
"49","Longuenée-en-Anjou","49200","La Meignanne","49196"
"49","Longuenée-en-Anjou","49200","La Membrolle-sur-Longuenée","49200"
"49","Longuenée-en-Anjou","49200","Le Plessis-Macé","49242"
"49","Longuenée-en-Anjou","49200","Pruillé","49251"
"49","Lys-Haut-Layon",,"La Fosse-de-Tigné","49142"
"49","Lys-Haut-Layon",,"Les Cerqueux-sous-Passavant","49059"
"49","Lys-Haut-Layon",,"Le Voide",49379
"49","Lys-Haut-Layon",,"Nueil-sur-Layon","49232"
"49","Lys-Haut-Layon",,"Saint-Hilaire-du-Bois",49286
"49","Lys-Haut-Layon",,"Tancoigné","49342"
"49","Lys-Haut-Layon",,"Tigné","49348"
"49","Lys-Haut-Layon",,"Trémont","49356"
"49","Lys-Haut-Layon",,"Vihiers","49373"
"49","Mauges-sur-Loire",,"Beausse","49024"
"49","Mauges-sur-Loire",,"Botz-en-Mauges","49034"
"49","Mauges-sur-Loire",,"Bourgneuf-en-Mauges","49039"
"49","Mauges-sur-Loire",,"La Chapelle-Saint-Florent","49075"
"49","Mauges-sur-Loire",,"La Pommeraye","49244"
"49","Mauges-sur-Loire",,"Le Marillais","49190"
"49","Mauges-sur-Loire",,"Le Mesnil-en-Vallée","49204"
"49","Mauges-sur-Loire",,"Montjean-sur-Loire","49212"
"49","Mauges-sur-Loire",,"Saint-Florent-le-Vieil","49276"
"49","Mauges-sur-Loire",,"Saint-Laurent-de-la-Plaine","49295"
"49","Mauges-sur-Loire",,"Saint-Laurent-du-Mottay","49297"
"49","Mazé-Milon","49139","Fontaine-Milon","49139"
"49","Mazé-Milon","49139","Mazé","49194"
"49","Montrevault-sur-Èvre",,"Chaudron-en-Mauges","49083"
"49","Montrevault-sur-Èvre",,"La Boissière-sur-Èvre","49033"
"49","Montrevault-sur-Èvre",,"La Chaussaire","49085"
"49","Montrevault-sur-Èvre",,"La Salle-et-Chapelle-Aubry","49324"
"49","Montrevault-sur-Èvre",,"Le Fief-Sauvin","49137"
"49","Montrevault-sur-Èvre",,"Le Fuilet","49145"
"49","Montrevault-sur-Èvre",,"Le Puiset-Doré","49252"
"49","Montrevault-sur-Èvre",,"Montrevault","49218"
"49","Montrevault-sur-Èvre",,"Saint-Pierre-Montlimart","49313"
"49","Montrevault-sur-Èvre",,"Saint-Quentin-en-Mauges","49314"
"49","Montrevault-sur-Èvre",,"Saint-Rémy-en-Mauges","49316"
"49","Morannes-sur-Sarthe","49220","Chemiré-sur-Sarthe","49093"
"49","Morannes-sur-Sarthe","49220","Morannes","49220"
"49","Orée-d'Anjou",,"Bouzillé","49040"
"49","Orée-d'Anjou",,"Champtoceaux","49069"
"49","Orée-d'Anjou",,"Drain","49126"
"49","Orée-d'Anjou",,"Landemont","49172"
"49","Orée-d'Anjou",,"La Varenne","49360"
"49","Orée-d'Anjou",,"Liré","49177"
"49","Orée-d'Anjou",,"Saint-Christophe-la-Couperie","49270"
"49","Orée-d'Anjou",,"Saint-Laurent-des-Autels","49296"
"49","Orée-d'Anjou",,"Saint-Sauveur-de-Landemont","49320"
"49","Sèvremoine",,"La Renaudière","49258"
"49","Sèvremoine",,"Le Longeron","49179"
"49","Sèvremoine",,"Montfaucon-Montigné","49206"
"49","Sèvremoine",,"Roussay","49263"
"49","Sèvremoine",,"Saint-André-de-la-Marche","49264"
"49","Sèvremoine",,"Saint-Crespin-sur-Moine","49273"
"49","Sèvremoine",,"Saint-Germain-sur-Moine","49285"
"49","Sèvremoine",,"Saint-Macaire-en-Mauges","49301"
"49","Sèvremoine",,"Tillières","49349"
"49","Sèvremoine",,"Torfou","49350"
"49","Tuffalun","49003","Ambillou-Château","49003"
"49","Tuffalun","49003","Louerre","49181"
"49","Tuffalun","49003","Noyant-la-Plaine","49230"
"49","Val-du-Layon",,"Saint-Aubin-de-Luigné","49265"
"49","Val-du-Layon",,"Saint-Lambert-du-Lattay","49292"
"49","Verrières-en-Anjou","49323","Pellouailles-les-Vignes","49238"
"49","Verrières-en-Anjou","49323","Saint-Sylvain-d'Anjou","49323"
"50","Bourgvallées",,"Gourfaleur","50213"
"50","Bourgvallées",,"La Mancellière-sur-Vire","50287"
"50","Bourgvallées",,"Saint-Romphaire","50545"
"50","Bourgvallées",,"Saint-Samson-de-Bonfossé","50546"
"50","Bricquebec-en-Cotentin",,"Bricquebec","50082"
"50","Bricquebec-en-Cotentin",,"Les Perques","50396"
"50","Bricquebec-en-Cotentin",,"Le Valdécie","50614"
"50","Bricquebec-en-Cotentin",,"Le Vrétot","50646"
"50","Bricquebec-en-Cotentin",,"Quettetot","50418"
"50","Bricquebec-en-Cotentin",,"Saint-Martin-le-Hébert","50520"
"50","Buais-les-Monts",,"Buais","50090"
"50","Buais-les-Monts",,"Saint-Symphorien-des-Monts","50557"
"50","Carentan-les-Marais",,"Angoville-au-Plain","50010"
"50","Carentan-les-Marais",,"Carentan","50099"
"50","Carentan-les-Marais",,"Houesville","50249"
"50","Carentan-les-Marais",,"Saint-Côme-du-Mont","50458"
"50","Cherbourg-en-Cotentin","50129","Cherbourg-Octeville","50129"
"50","Cherbourg-en-Cotentin","50129","Équeurdreville-Hainneville","50173"
"50","Cherbourg-en-Cotentin","50129","La Glacerie","50203"
"50","Cherbourg-en-Cotentin","50129","Querqueville","50416"
"50","Cherbourg-en-Cotentin","50129","Tourlaville","50602"
"50","Condé-sur-Vire","50139","Condé-sur-Vire","50139"
"50","Condé-sur-Vire","50139","Le Mesnil-Raoult","50319"
"50","Ducey-les-Chéris","50168","Ducey","50168"
"50","Ducey-les-Chéris","50168","Les Chéris","50132"
"50","Gonneville-le-Theil",,"Gonneville","50209"
"50","Gonneville-le-Theil",,"Le Theil","50595"
"50","Gouville-sur-Mer","50215","Boisroger","50061"
"50","Gouville-sur-Mer","50215","Gouville-sur-Mer","50215"
"50","Grandparigny","50391","Chèvreville","50133"
"50","Grandparigny","50391","Martigny","50293"
"50","Grandparigny","50391","Milly","50329"
"50","Grandparigny","50391","Parigny","50391"
"50","La Haye","50236","Baudreville","50035"
"50","La Haye","50236","Bolleville","50063"
"50","La Haye","50236","Glatigny","50204"
"50","La Haye","50236","La Haye-du-Puits","50236"
"50","La Haye","50236","Mobecq","50330"
"50","La Haye","50236","Montgardon","50343"
"50","La Haye","50236","Saint-Rémy-des-Landes","50544"
"50","La Haye","50236","Saint-Symphorien-le-Valois","50558"
"50","La Haye","50236","Surville","50586"
"50","Le Grippon",,"Champcervon","50115"
"50","Le Grippon",,"Les Chambres","50114"
"50","Le Parc","50535","Braffais","50071"
"50","Le Parc","50535","Plomb","50406"
"50","Le Parc","50535","Sainte-Pience","50535"
"50","Lessay","50267","Angoville-sur-Ay","50012"
"50","Lessay","50267","Lessay","50267"
"50","Le Teilleul","50591","Ferrières","50179"
"50","Le Teilleul","50591","Heussé","50245"
"50","Le Teilleul","50591","Husson","50254"
"50","Le Teilleul","50591","Le Teilleul","50591"
"50","Le Teilleul","50591","Sainte-Marie-du-Bois","50508"
"50","Marigny-le-Lozon",,"Lozon","50280"
"50","Marigny-le-Lozon",,"Marigny","50292"
"50","Montsenelle","50273","Coigny","50136"
"50","Montsenelle","50273","Lithaire","50273"
"50","Montsenelle","50273","Prétot-Sainte-Suzanne","50415"
"50","Montsenelle","50273","Saint-Jores","50497"
"50","Mortain-Bocage",,"Bion","50056"
"50","Mortain-Bocage",,"Mortain","50359"
"50","Mortain-Bocage",,"Notre-Dame-du-Touchet","50381"
"50","Mortain-Bocage",,"Saint-Jean-du-Corail","50494"
"50","Mortain-Bocage",,"Villechien","50638"
"50","Moyon Villages","50363","Chevry","50134"
"50","Moyon Villages","50363","Le Mesnil-Opac","50316"
"50","Moyon Villages","50363","Moyon","50363"
"50","Orval-sur-Sienne","50388","Montchaton","50339"
"50","Orval-sur-Sienne","50388","Orval","50388"
"50","Percy-en-Normandie",,"Le Chefresne","50128"
"50","Percy-en-Normandie",,"Percy","50393"
"50","Picauville",,"Amfreville","50005"
"50","Picauville",,"Cretteville","50153"
"50","Picauville",,"Gourbesville","50212"
"50","Picauville",,"Houtteville","50250"
"50","Picauville",,"Picauville","50400"
"50","Picauville",,"Vindefontaine","50642"
"50","Pontorson","50410","Macey","50284"
"50","Pontorson","50410","Pontorson","50410"
"50","Pontorson","50410","Vessey","50630"
"50","Quettreville-sur-Sienne","50419","Hyenville","50255"
"50","Quettreville-sur-Sienne","50419","Quettreville-sur-Sienne","50419"
"50","Romagny-Fontenay",,"Fontenay","50189"
"50","Romagny-Fontenay",,"Romagny","50436"
"50","Sainte-Mère-Église","50523","Beuzeville-au-Plain","50051"
"50","Sainte-Mère-Église","50523","Chef-du-Pont","50127"
"50","Sainte-Mère-Église","50523","Écoquenéauville","50170"
"50","Sainte-Mère-Église","50523","Foucarville","50191"
"50","Sainte-Mère-Église","50523","Sainte-Mère-Église","50523"
"50","Saint-Hilaire-du-Harcouët","50484","Saint-Hilaire-du-Harcouët","50484"
"50","Saint-Hilaire-du-Harcouët","50484","Saint-Martin-de-Landelles","50515"
"50","Saint-Hilaire-du-Harcouët","50484","Virey","50644"
"50","Saint-Jean-d'Elle","50492","Notre-Dame-d'Elle","50380"
"50","Saint-Jean-d'Elle","50492","Précorbin","50414"
"50","Saint-Jean-d'Elle","50492","Rouxeville","50441"
"50","Saint-Jean-d'Elle","50492","Saint-Jean-des-Baisants","50492"
"50","Saint-Jean-d'Elle","50492","Vidouville","50635"
"50","Sartilly-Baie-Bocage",,"Angey","50009"
"50","Sartilly-Baie-Bocage",,"Champcey","50116"
"50","Sartilly-Baie-Bocage",,"La Rochelle-Normande","50434"
"50","Sartilly-Baie-Bocage",,"Montviron","50355"
"50","Sartilly-Baie-Bocage",,"Sartilly","50565"
"50","Sourdeval","50582","Sourdeval","50582"
"50","Sourdeval","50582","Vengeons","50625"
"50","Terre-et-Marais",,"Sainteny","50564"
"50","Terre-et-Marais",,"Saint-Georges-de-Bohon","50470"
"50","Tessy-Bocage","50592","Fervaches","50180"
"50","Tessy-Bocage","50592","Tessy-sur-Vire","50592"
"50","Thèreval",,"Hébécrevon","50239"
"50","Thèreval",,"La Chapelle-en-Juger","50123"
"50","Torigny-les-Villes","50601","Brectouville","50075"
"50","Torigny-les-Villes","50601","Giéville","50202"
"50","Torigny-les-Villes","50601","Guilberville","50224"
"50","Torigny-les-Villes","50601","Torigni-sur-Vire","50601"
"50","Vicq-sur-Mer",,"Cosqueville","50142"
"50","Vicq-sur-Mer",,"Gouberville","50211"
"50","Vicq-sur-Mer",,"Néville-sur-Mer","50375"
"50","Vicq-sur-Mer",,"Réthoville","50432"
"50","Villedieu-les-Poêles-Rouffigny","50639","Rouffigny","50440"
"50","Villedieu-les-Poêles-Rouffigny","50639","Villedieu-les-Poêles","50639"
"51","Aÿ-Champagne",,"Ay","51030"
"51","Aÿ-Champagne",,"Bisseuil","51064"
"51","Aÿ-Champagne",,"Mareuil-sur-Ay","51347"
"51","Val-de-Livre",,"Louvois","51331"
"51","Val-de-Livre",,"Tauxières-Mutry","51564"
"52","La Porte-du-Der",,"Montier-en-Der","52331"
"52","La Porte-du-Der",,"Robert-Magny","52427"
"52","Le Montsaugeonnais",,"Montsaugeon","52340"
"52","Le Montsaugeonnais",,"Prauthoy","52405"
"52","Le Montsaugeonnais",,"Vaux-sous-Aubigny","52509"
"52","Rives-Dervoises",,"Droyes","52180"
"52","Rives-Dervoises",,"Longeville-sur-la-Laines","52293"
"52","Rives-Dervoises",,"Louze","52296"
"52","Rives-Dervoises",,"Puellemontier","52411"
"52","Saints-Geosmes","52449","Balesmes-sur-Marne","52036"
"52","Saints-Geosmes","52449","Saints-Geosmes","52449"
"52","Villegusien-le-Lac",,"Heuilley-Cotton","52239"
"52","Villegusien-le-Lac",,"Villegusien-le-Lac","52529"
"53","Loiron-Ruillé","53137","Loiron","53137"
"53","Loiron-Ruillé","53137","Ruillé-le-Gravelais","53194"
"53","Pré-en-Pail-Saint-Samson","53185","Pré-en-Pail","53185"
"53","Pré-en-Pail-Saint-Samson","53185","Saint-Samson","53252"
"53","Sainte-Suzanne-et-Chammes","53255","Chammes","53050"
"53","Sainte-Suzanne-et-Chammes","53255","Sainte-Suzanne","53255"
"56","Évellys","56144","Moustoir-Remungol","56142"
"56","Évellys","56144","Naizin","56144"
"56","Évellys","56144","Remungol","56192"
"56","Theix-Noyalo",,"Noyalo","56150"
"56","Theix-Noyalo",,"Theix","56251"
"56","Val-d'Oust","56197","La Chapelle-Caro","56037"
"56","Val-d'Oust","56197","Le Roc-Saint-André","56197"
"56","Val-d'Oust","56197","Quily","56187"
"57","Ancy-Dornot","57021","Ancy-sur-Moselle","57021"
"57","Ancy-Dornot","57021","Dornot","57184"
"58","Beaulieu",,"Beaulieu","58026"
"58","Beaulieu",,"Dompierre-sur-Héry","58100"
"58","Beaulieu",,"Michaugues","58167"
"59","Ghyvelde",,"Ghyvelde","59260"
"59","Ghyvelde",,"Les Moëres","59404"
"59","Téteghem-Coudekerque-Village",,"Coudekerque-Village","59154"
"59","Téteghem-Coudekerque-Village",,"Téteghem","59588"
"60","Bornel","60088","Anserville","60018"
"60","Bornel","60088","Bornel","60088"
"60","Bornel","60088","Fosseuse","60246"
"61","Athis-Val-de-Rouvre","61007","Athis-de-l'Orne","61007"
"61","Athis-Val-de-Rouvre","61007","Bréel","61058"
"61","Athis-Val-de-Rouvre","61007","La Carneille","61073"
"61","Athis-Val-de-Rouvre","61007","Les Tourailles","61489"
"61","Athis-Val-de-Rouvre","61007","Notre-Dame-du-Rocher","61313"
"61","Athis-Val-de-Rouvre","61007","Ronfeugerai","61353"
"61","Athis-Val-de-Rouvre","61007","Ségrie-Fontaine","61465"
"61","Athis-Val-de-Rouvre","61007","Taillebois","61478"
"61","Bagnoles-de-l'Orne-Normandie","61483","Bagnoles-de-l'Orne","61483"
"61","Bagnoles-de-l'Orne-Normandie","61483","Saint-Michel-des-Andaines","61431"
"61","Chailloué","61081","Chailloué","61081"
"61","Chailloué","61081","Marmouillé","61253"
"61","Chailloué","61081","Neuville-près-Sées","61306"
"61","Cour-Maugis-sur-Huisne","61050","Boissy-Maugis","61050"
"61","Cour-Maugis-sur-Huisne","61050","Courcerault","61128"
"61","Cour-Maugis-sur-Huisne","61050","Maison-Maugis","61245"
"61","Cour-Maugis-sur-Huisne","61050","Saint-Maurice-sur-Huisne","61430"
"61","Domfront-en-Poiraie","61145","Domfront","61145"
"61","Domfront-en-Poiraie","61145","La Haute-Chapelle","61201"
"61","Domfront-en-Poiraie","61145","Rouellé","61355"
"61","Écouché-les-Vallées",,"Batilly","61027"
"61","Écouché-les-Vallées",,"Écouché","61153"
"61","Écouché-les-Vallées",,"La Courbe","61127"
"61","Écouché-les-Vallées",,"Loucé","61236"
"61","Écouché-les-Vallées",,"Saint-Ouen-sur-Maire","61441"
"61","Écouché-les-Vallées",,"Serans","61470"
"61","Écouves","61341","Forges","61175"
"61","Écouves","61341","Radon","61341"
"61","Écouves","61341","Vingt-Hanaps","61509"
"61","Juvigny-Val-d'Andaine","61211","Beaulandais","61033"
"61","Juvigny-Val-d'Andaine","61211","Juvigny-sous-Andaine","61211"
"61","Juvigny-Val-d'Andaine","61211","La Baroche-sous-Lucé","61025"
"61","Juvigny-Val-d'Andaine","61211","Loré","61235"
"61","Juvigny-Val-d'Andaine","61211","Lucé","61239"
"61","Juvigny-Val-d'Andaine","61211","Saint-Denis-de-Villenette","61380"
"61","Juvigny-Val-d'Andaine","61211","Sept-Forges","61469"
"61","La Ferté-en-Ouche","61167","Anceins","61003"
"61","La Ferté-en-Ouche","61167","Bocquencé","61047"
"61","La Ferté-en-Ouche","61167","Couvains","61136"
"61","La Ferté-en-Ouche","61167","Gauville","61184"
"61","La Ferté-en-Ouche","61167","Glos-la-Ferrière","61191"
"61","La Ferté-en-Ouche","61167","Heugon","61205"
"61","La Ferté-en-Ouche","61167","La Ferté-Frênel","61167"
"61","La Ferté-en-Ouche","61167","Monnai","61282"
"61","La Ferté-en-Ouche","61167","Saint-Nicolas-des-Laitiers","61434"
"61","La Ferté-en-Ouche","61167","Villers-en-Ouche","61506"
"61","Les Monts-d'Andaine","61463","La Sauvagère","61463"
"61","Les Monts-d'Andaine","61463","Saint-Maurice-du-Désert","61428"
"61","Longny-les-Villages","61081","Chailloué","61081"
"61","Longny-les-Villages","61081","La Lande-sur-Eure","61220"
"61","Longny-les-Villages","61081","Longny-au-Perche","61230"
"61","Longny-les-Villages","61081","Malétable","61247"
"61","Longny-les-Villages","61081","Marchainville","61250"
"61","Longny-les-Villages","61081","Marmouillé","61253"
"61","Longny-les-Villages","61081","Monceaux-au-Perche","61280"
"61","Longny-les-Villages","61081","Moulicent","61296"
"61","Longny-les-Villages","61081","Neuilly-sur-Eure","61305"
"61","Longny-les-Villages","61081","Neuville-près-Sées","61306"
"61","Passais-Villages",,"L'Épinay-le-Comte","61155"
"61","Passais-Villages",,"Passais","61324"
"61","Passais-Villages",,"Saint-Siméon","61455"
"61","Perche-en-Nocé",,"Colonard-Corubert","61112"
"61","Perche-en-Nocé",,"Dancé","61144"
"61","Perche-en-Nocé",,"Nocé","61309"
"61","Perche-en-Nocé",,"Préaux-du-Perche","61337"
"61","Perche-en-Nocé",,"Saint-Aubin-des-Grois","61368"
"61","Perche-en-Nocé",,"Saint-Jean-de-la-Forêt","61409"
"61","Putanges-le-Lac","61339","Chênedouit","61106"
"61","Putanges-le-Lac","61339","La Forêt-Auvray","61174"
"61","Putanges-le-Lac","61339","La Fresnaye-au-Sauvage","61179"
"61","Putanges-le-Lac","61339","Les Rotours","61354"
"61","Putanges-le-Lac","61339","Ménil-Jean","61270"
"61","Putanges-le-Lac","61339","Putanges-Pont-Écrepin","61339"
"61","Putanges-le-Lac","61339","Rabodanges","61340"
"61","Putanges-le-Lac","61339","Saint-Aubert-sur-Orne","61364"
"61","Putanges-le-Lac","61339","Sainte-Croix-sur-Orne","61378"
"61","Rémalard-en-Perche","61345","Bellou-sur-Huisne","61042"
"61","Rémalard-en-Perche","61345","Dorceau","61147"
"61","Rémalard-en-Perche","61345","Rémalard","61345"
"61","Rives-d'Andaine","61096","Couterne","61135"
"61","Rives-d'Andaine","61096","Geneslay","61186"
"61","Rives-d'Andaine","61096","Haleine","61200"
"61","Rives-d'Andaine","61096","La Chapelle-d'Andaine","61096"
"61","Sablons-sur-Huisne","61116","Condeau","61115"
"61","Sablons-sur-Huisne","61116","Condé-sur-Huisne","61116"
"61","Sablons-sur-Huisne","61116","Coulonges-les-Sablons","61125"
"61","Sap-en-Auge","61460","Le Sap","61460"
"61","Sap-en-Auge","61460","Orville","61320"
"61","Tourouvre-au-Perche","61491","Autheuil","61016"
"61","Tourouvre-au-Perche","61491","Bivilliers","61045"
"61","Tourouvre-au-Perche","61491","Bresolettes","61059"
"61","Tourouvre-au-Perche","61491","Bubertré","61065"
"61","Tourouvre-au-Perche","61491","Champs","61090"
"61","Tourouvre-au-Perche","61491","La Poterie-au-Perche","61335"
"61","Tourouvre-au-Perche","61491","Lignerolles","61226"
"61","Tourouvre-au-Perche","61491","Prépotin","61338"
"61","Tourouvre-au-Perche","61491","Randonnai","61343"
"61","Tourouvre-au-Perche","61491","Tourouvre","61491"
"61","Val-au-Perche",,"Gémages","61185"
"61","Val-au-Perche",,"La Rouge","61356"
"61","Val-au-Perche",,"Le Theil","61484"
"61","Val-au-Perche",,"L'Hermitière","61204"
"61","Val-au-Perche",,"Mâle","61246"
"61","Val-au-Perche",,"Saint-Agnan-sur-Erre","61359"
"62","Saint-Augustin","62691","Clarques","62226"
"62","Saint-Augustin","62691","Rebecques","62691"
"63","Aulhat-Flat","63160","Aulhat-Saint-Privat","63018"
"63","Aulhat-Flat","63160","Flat","63160"
"63","Chambaron-sur-Morge","63244","Cellule","63068"
"63","Chambaron-sur-Morge","63244","La Moutade","63244"
"63","Nonette-Orsonnette","63255","Nonette","63255"
"63","Nonette-Orsonnette","63255","Orsonnette","63266"
"65","Gavarnie-Gèdre",,"Gavarnie","65188"
"65","Gavarnie-Gèdre",,"Gèdre","65192"
"65","Loudenvielle",,"Armenteule","65027"
"65","Loudenvielle",,"Loudenvielle","65282"
"67","Sommerau",,"Allenwiller","67004"
"67","Sommerau",,"Birkenwald","67041"
"67","Sommerau",,"Salenthal","67431"
"67","Sommerau",,"Singrist","67469"
"67","Truchtersheim","67495","Pfettisheim","67374"
"67","Truchtersheim","67495","Truchtersheim","67495"
"67","Val-de-Moder",,"La Walck","67512"
"67","Val-de-Moder",,"Pfaffenhoffen","67372"
"67","Val-de-Moder",,"Uberach","67496"
"67","Wingersheim-les-Quatre-Bans",,"Gingsheim","67158"
"67","Wingersheim-les-Quatre-Bans",,"Hohatzenheim","67207"
"67","Wingersheim-les-Quatre-Bans",,"Mittelhausen","67297"
"67","Wingersheim-les-Quatre-Bans",,"Wingersheim","67539"
"68","Aspach-Michelbach","68012","Aspach-le-Haut","68012"
"68","Aspach-Michelbach","68012","Michelbach","68206"
"68","Bernwiller","68006","Ammertzwiller","68006"
"68","Bernwiller","68006","Bernwiller","68031"
"68","Brunstatt-Didenheim",,"Brunstatt","68056"
"68","Brunstatt-Didenheim",,"Didenheim","68070"
"68","Illtal",,"Grentzingen","68108"
"68","Illtal",,"Henflingen","68133"
"68","Illtal",,"Oberdorf","68240"
"68","Kaysersberg-Vignoble","68162","Kaysersberg","68162"
"68","Kaysersberg-Vignoble","68162","Kientzheim","68164"
"68","Kaysersberg-Vignoble","68162","Sigolsheim","68310"
"68","Le Haut-Soultzbach","68219","Mortzwiller","68219"
"68","Le Haut-Soultzbach","68219","Soppe-le-Haut","68314"
"68","Masevaux-Niederbruck",,"Masevaux","68201"
"68","Masevaux-Niederbruck",,"Niederbruck","68233"
"68","Porte-du-Ried",,"Holtzwihr","68143"
"68","Porte-du-Ried",,"Riedwihr","68272"
"68","Spechbach","68320","Spechbach-le-Bas","68319"
"68","Spechbach","68320","Spechbach-le-Haut","68320"
"69","Cours","69066","Cours-la-Ville","69066"
"69","Cours","69066","Pont-Trambouze","69158"
"69","Cours","69066","Thel","69247"
"70","La Romaine",,"Greucourt","70281"
"70","La Romaine",,"Le Pont-de-Planches","70418"
"70","La Romaine",,"Vezet","70551"
"71","Fragnes-la-Loyère",,"Fragnes","71204"
"71","Fragnes-la-Loyère",,"La Loyère","71265"
"71","Le Rousset-Marizy","71279","Le Rousset","71375"
"71","Le Rousset-Marizy","71279","Marizy","71279"
"72","Ballon-Saint-Mars","72023","Ballon","72023"
"72","Ballon-Saint-Mars","72023","Saint-Mars-sous-Ballon","72301"
"72","Tuffé-Val-de-la-Chéronne","72363","Saint-Hilaire-le-Lierru","72288"
"72","Tuffé-Val-de-la-Chéronne","72363","Tuffé","72363"
"73","Aime-la-Plagne","73006","Aime","73006"
"73","Aime-la-Plagne","73006","Granier","73126"
"73","Aime-la-Plagne","73006","Montgirod","73169"
"73","Entrelacs","73010","Albens","73010"
"73","Entrelacs","73010","Cessens","73062"
"73","Entrelacs","73010","Épersy","73108"
"73","Entrelacs","73010","Mognard","73158"
"73","Entrelacs","73010","Saint-Germain-la-Chambotte","73238"
"73","Entrelacs","73010","Saint-Girod","73239"
"73","La Plagne-Tarentaise","73150","Bellentre","73038"
"73","La Plagne-Tarentaise","73150","La Côte-d'Aime","73093"
"73","La Plagne-Tarentaise","73150","Mâcot-la-Plagne","73150"
"73","La Plagne-Tarentaise","73150","Valezan","73305"
"73","Les Belleville","73257","Saint-Martin-de-Belleville","73257"
"73","Les Belleville","73257","Villarlurin","73321"
"73","Salins-Fontaine","73284","Fontaine-le-Puits","73115"
"73","Salins-Fontaine","73284","Salins-les-Thermes","73284"
"74","Epagny-Metz-Tessy",,"Épagny","74112"
"74","Epagny-Metz-Tessy",,"Metz-Tessy","74181"
"74","Faverges-Seythenex",,"Faverges","74123"
"74","Faverges-Seythenex",,"Seythenex","74270"
"74","Talloires-Montmin",,"Montmin","74187"
"74","Talloires-Montmin",,"Talloires","74275"
"74","Val-de-Chaise",,"Cons-Sainte-Colombe","74084"
"74","Val-de-Chaise",,"Marlens","74167"
"76","Arelaune-en-Seine",,"La Mailleraye-sur-Seine","76401"
"76","Arelaune-en-Seine",,"Saint-Nicolas-de-Bliquetuit","76625"
"76","Forges-les-Eaux","76276","Forges-les-Eaux","76276"
"76","Forges-les-Eaux","76276","Le Fossé","76277"
"76","Petit-Caux",,"Assigny","76027"
"76","Petit-Caux",,"Auquemesnil","76037"
"76","Petit-Caux",,"Belleville-sur-Mer","76073"
"76","Petit-Caux",,"Berneval-le-Grand","76081"
"76","Petit-Caux",,"Biville-sur-Mer","76098"
"76","Petit-Caux",,"Bracquemont","76137"
"76","Petit-Caux",,"Brunville","76145"
"76","Petit-Caux",,"Derchigny","76215"
"76","Petit-Caux",,"Glicourt","76301"
"76","Petit-Caux",,"Gouchaupre","76310"
"76","Petit-Caux",,"Greny","76326"
"76","Petit-Caux",,"Guilmécourt","76337"
"76","Petit-Caux",,"Intraville","76376"
"76","Petit-Caux",,"Penly","76496"
"76","Petit-Caux",,"Saint-Martin-en-Campagne","76618"
"76","Petit-Caux",,"Saint-Quentin-au-Bosc","76643"
"76","Petit-Caux",,"Tocqueville-sur-Eu","76696"
"76","Petit-Caux",,"Tourville-la-Chapelle","76704"
"76","Port-Jérôme-sur-Seine",,"Auberville-la-Campagne","76031"
"76","Port-Jérôme-sur-Seine",,"Notre-Dame-de-Gravenchon","76476"
"76","Port-Jérôme-sur-Seine",,"Touffreville-la-Cable","76701"
"76","Port-Jérôme-sur-Seine",,"Triquerville","76713"
"76","Rives-en-Seine",,"Caudebec-en-Caux","76164"
"76","Rives-en-Seine",,"Saint-Wandrille-Rançon","76659"
"76","Rives-en-Seine",,"Villequier","76742"
"76","Saint-Martin-de-l'If",,"Betteville","76089"
"76","Saint-Martin-de-l'If",,"Fréville","76289"
"76","Saint-Martin-de-l'If",,"La Folletière","76267"
"76","Saint-Martin-de-l'If",,"Mont-de-l'If","76444"
"77","Moret-Loing-et-Orvanne",,"Épisy","77170"
"77","Moret-Loing-et-Orvanne",,"Montarlot","77299"
"77","Moret-Loing-et-Orvanne",,"Orvanne","77316"
"79","Argentonnay",,"Argenton-les-Vallées","79013"
"79","Argentonnay",,"La Chapelle-Gaudin","79072"
"79","Argentonnay",,"La Coudre","79099"
"79","Argentonnay",,"Le Breuil-sous-Argenton","79053"
"79","Argentonnay",,"Moutiers-sous-Argenton","79187"
"79","Argentonnay",,"Ulcot","79333"
"79","Saint-Maurice-Étusson ",,"Étusson","79113"
"79","Saint-Maurice-Étusson ",,"Saint-Maurice-la-Fougereuse","79280"
"81","Bellegarde-Marsal",,"Bellegarde","81026"
"81","Bellegarde-Marsal",,"Marsal","81155"
"81","Fontrieu",,"Castelnau-de-Brassac","81062"
"81","Fontrieu",,"Ferrières","81091"
"81","Fontrieu",,"Le Margnès","81153"
"85","Aubigny-les-Clouzeaux",,"Aubigny","85008"
"85","Aubigny-les-Clouzeaux",,"Les Clouzeaux","85069"
"85","Bellevigny",,"Belleville-sur-Vie","85019"
"85","Bellevigny",,"Saligny","85279"
"85","Doix-les-Fontaines",,"Doix","85080"
"85","Doix-les-Fontaines",,"Fontaines","85091"
"85","Essarts-en-Bocage",,"Boulogne","85030"
"85","Essarts-en-Bocage",,"Les Essarts","85084"
"85","Essarts-en-Bocage",,"L'Oie","85165"
"85","Essarts-en-Bocage",,"Sainte-Florence","85212"
"85","Montréverd",,"Mormaison","85150"
"85","Montréverd",,"Saint-André-Treize-Voies","85197"
"85","Montréverd",,"Saint-Sulpice-le-Verdon","85272"
"85","Mouilleron-Saint-Germain",,"Mouilleron-en-Pareds","85154"
"85","Mouilleron-Saint-Germain",,"Saint-Germain-l'Aiguiller","85219"
"85","Rives-de-l'Yon",,"Chaillé-sous-les-Ormeaux","85043"
"85","Rives-de-l'Yon",,"Saint-Florent-des-Bois","85213"
"85","Sèvremont",,"La Flocellière","85090"
"85","Sèvremont",,"La Pommeraie-sur-Sèvre","85180"
"85","Sèvremont",,"Les Châtelliers-Châteaumur","85063"
"85","Sèvremont",,"Saint-Michel-Mont-Mercure","85257"
"86","Senillé-Saint-Sauveur",,"Saint-Sauveur","86245"
"86","Senillé-Saint-Sauveur",,"Senillé","86259"
"87","Val-d'Issoire",,"Bussière-Boffy","87026"
"87","Val-d'Issoire",,"Mézières-sur-Issoire","87097"
"88","Capavenir-Vosges",,"Girmont","88204"
"88","Capavenir-Vosges",,"Oncourt","88337"
"88","Capavenir-Vosges",,"Thaon-les-Vosges","88465"
"88","Granges-Aumontzey",,"Aumontzey","88018"
"88","Granges-Aumontzey",,"Granges-sur-Vologne","88218"
"88","Provenchères-et-Colroy","88361","Colroy-la-Grande","88112"
"88","Provenchères-et-Colroy","88361","Provenchères-sur-Fave","88361"
"89","Charny-Orée-de-Puisaye",,"Chambeugle","89070"
"89","Charny-Orée-de-Puisaye",,"Charny","89086"
"89","Charny-Orée-de-Puisaye",,"Chêne-Arnoult","89097"
"89","Charny-Orée-de-Puisaye",,"Chevillon","89103"
"89","Charny-Orée-de-Puisaye",,"Dicy","89138"
"89","Charny-Orée-de-Puisaye",,"Fontenouilles","89178"
"89","Charny-Orée-de-Puisaye",,"Grandchamp","89192"
"89","Charny-Orée-de-Puisaye",,"Malicorne","89241"
"89","Charny-Orée-de-Puisaye",,"Marchais-Beton","89243"
"89","Charny-Orée-de-Puisaye",,"Perreux","89294"
"89","Charny-Orée-de-Puisaye",,"Prunoy","89317"
"89","Charny-Orée-de-Puisaye",,"Saint-Denis-sur-Ouanne","89343"
"89","Charny-Orée-de-Puisaye",,"Saint-Martin-sur-Ouanne","89358"
"89","Charny-Orée-de-Puisaye",,"Villefranche","89454"
"89","Les Vallées-de-la-Vanne",,"Chigy","89107"
"89","Les Vallées-de-la-Vanne",,"Theil-sur-Vanne","89411"
"89","Les Vallées-de-la-Vanne",,"Vareilles","89429"
"89","Le Val-d'Ocre",,"Saint-Aubin-Château-Neuf","89334"
"89","Le Val-d'Ocre",,"Saint-Martin-sur-Ocre","89356"
"89","Sépeaux-Saint-Romain",,"Saint-Romain-le-Preux","89366"
"89","Sépeaux-Saint-Romain",,"Sépeaux","89388"
"89","Valravillon",,"Guerchy","89196"
"89","Valravillon",,"Laduz","89213"
"89","Valravillon",,"Neuilly","89275"
"89","Valravillon",,"Villemer","89457"
"89","Vermenton",,"Sacy","89330"
"89","Vermenton",,"Vermenton","89441"
